language,languageLabel,pop
http://www.wikidata.org/entity/Q727694,Standard Chinese,897071810
http://www.wikidata.org/entity/Q1860,English,753359540
http://www.wikidata.org/entity/Q1321,Spanish,437000000
http://www.wikidata.org/entity/Q1860,English,379007140
http://www.wikidata.org/entity/Q1568,Hindi,322230097
http://www.wikidata.org/entity/Q13955,Arabic,315421300
http://www.wikidata.org/entity/Q1568,Hindi,274266900
http://www.wikidata.org/entity/Q1568,Hindi,260123420
http://www.wikidata.org/entity/Q9610,Bengali,242659750
http://www.wikidata.org/entity/Q9237,Malay,225000000
http://www.wikidata.org/entity/Q150,French,208157220
http://www.wikidata.org/entity/Q5146,Portuguese,202225450
http://www.wikidata.org/entity/Q727694,Standard Chinese,193880000
http://www.wikidata.org/entity/Q9610,Bengali,189261200
http://www.wikidata.org/entity/Q7737,Russian,171428900
http://www.wikidata.org/entity/Q7737,Russian,153919510
http://www.wikidata.org/entity/Q1568,Hindi,120490000
http://www.wikidata.org/entity/Q58635,Punjabi,120000000
http://www.wikidata.org/entity/Q7737,Russian,110440620
http://www.wikidata.org/entity/Q7737,Russian,110000000
http://www.wikidata.org/entity/Q9610,Bengali,106000000
http://www.wikidata.org/entity/Q188,German,105000000
http://www.wikidata.org/entity/Q1617,Urdu,94022900
http://www.wikidata.org/entity/Q33549,Javanese,84308740
http://www.wikidata.org/entity/Q188,German,80000000
http://www.wikidata.org/entity/Q256,Turkish,78527240
http://www.wikidata.org/entity/Q1571,Marathi,77000000
http://www.wikidata.org/entity/Q9237,Malay,77000000
http://www.wikidata.org/entity/Q150,French,76795640
http://www.wikidata.org/entity/Q9176,Korean,73233270
http://www.wikidata.org/entity/Q1571,Marathi,72900000
http://www.wikidata.org/entity/Q9186,Cantonese,72893210
http://www.wikidata.org/entity/Q1571,Marathi,71775760
http://www.wikidata.org/entity/Q256,Turkish,71435850
http://www.wikidata.org/entity/Q1617,Urdu,68619830
http://www.wikidata.org/entity/Q9199,Vietnamese,68058620
http://www.wikidata.org/entity/Q5885,Tamil,67832790
http://www.wikidata.org/entity/Q652,Italian,64819790
http://www.wikidata.org/entity/Q9168,Persian,52939220
http://www.wikidata.org/entity/Q58680,Pashto,50000000
http://www.wikidata.org/entity/Q36495,Southern Min,48339200
http://www.wikidata.org/entity/Q5137,Gujarati,46857670
http://www.wikidata.org/entity/Q34057,Tagalog,45000000
http://www.wikidata.org/entity/Q33673,Kannada,44000000
http://www.wikidata.org/entity/Q33673,Kannada,43506272
http://www.wikidata.org/entity/Q9217,Thai,40000000
http://www.wikidata.org/entity/Q34311,Yoruba,40000000
http://www.wikidata.org/entity/Q58680,Pashto,38600000
http://www.wikidata.org/entity/Q29579,Awadhi,38000000
http://www.wikidata.org/entity/Q33268,Bhojpuri,38000000
http://www.wikidata.org/entity/Q13196,Rajasthani,36000000
http://www.wikidata.org/entity/Q8798,Ukrainian,34710100
http://www.wikidata.org/entity/Q36109,Maithili,33890000
http://www.wikidata.org/entity/Q33810,Odia,32137870
http://www.wikidata.org/entity/Q9292,Azerbaijani,32000000
http://www.wikidata.org/entity/Q33475,Gan,31000000
http://www.wikidata.org/entity/Q36368,Kurdish languages,31000000
http://www.wikidata.org/entity/Q36236,Malayalam,30000000
http://www.wikidata.org/entity/Q946077,Pahari languages,29000000
http://www.wikidata.org/entity/Q34057,Tagalog,28000000
http://www.wikidata.org/entity/Q9264,Uzbek,27000000
http://www.wikidata.org/entity/Q34002,Sundanese,27000000
http://www.wikidata.org/entity/Q13275,Somali,25000000
http://www.wikidata.org/entity/Q28244,Amharic,25000000
http://www.wikidata.org/entity/Q33864,Oromo,25000000
http://www.wikidata.org/entity/Q33997,Sindhi,25000000
http://www.wikidata.org/entity/Q33823,Nepali,24131000
http://www.wikidata.org/entity/Q7411,Dutch,24000000
http://www.wikidata.org/entity/Q7913,Romanian,24000000
http://www.wikidata.org/entity/Q9301,Serbo-Croatian,24000000
http://www.wikidata.org/entity/Q33454,Fula,24000000
http://www.wikidata.org/entity/Q34057,Tagalog,24000000
http://www.wikidata.org/entity/Q56475,Hausa,24000000
http://www.wikidata.org/entity/Q33997,Sindhi,23845500
http://www.wikidata.org/entity/Q33454,Fula,22331400
http://www.wikidata.org/entity/Q33997,Sindhi,21000000
http://www.wikidata.org/entity/Q9217,Thai,20490000
http://www.wikidata.org/entity/Q33902,Saraiki language,20009000
http://www.wikidata.org/entity/Q33239,Cebuano,20000000
http://www.wikidata.org/entity/Q34311,Yoruba,20000000
http://www.wikidata.org/entity/Q13196,Rajasthani,19972883
http://www.wikidata.org/entity/Q9610,Bengali,19202880
http://www.wikidata.org/entity/Q9610,Bengali,19200000
http://www.wikidata.org/entity/Q7930,Malagasy,18138380
http://www.wikidata.org/entity/Q7930,Malagasy,18000000
http://www.wikidata.org/entity/Q33578,Igbo,18000000
http://www.wikidata.org/entity/Q7930,Malagasy,17604640
http://www.wikidata.org/entity/Q29401,Assamese,17000000
http://www.wikidata.org/entity/Q33158,Chhattisgarhi,17000000
http://www.wikidata.org/entity/Q33823,Nepali,17000000
http://www.wikidata.org/entity/Q9205,Khmer,16388040
http://www.wikidata.org/entity/Q13267,Sinhala,16000000
http://www.wikidata.org/entity/Q10179,Zulu,15700000
http://www.wikidata.org/entity/Q33823,Nepali,15451000
http://www.wikidata.org/entity/Q7838,Swahili,15437390
http://www.wikidata.org/entity/Q3449805,South Azerbaijani,15000000
http://www.wikidata.org/entity/Q33417,Isan language,15000000
http://www.wikidata.org/entity/Q36510,Modern Greek,15000000
http://www.wikidata.org/entity/Q9205,Khmer,14224500
http://www.wikidata.org/entity/Q13216,Zhuang,14000000
http://www.wikidata.org/entity/Q29540,Bavarian,14000000
http://www.wikidata.org/entity/Q36213,Madurese,14000000
http://www.wikidata.org/entity/Q36109,Maithili,13583464
http://www.wikidata.org/entity/Q9129,Greek,13156880
http://www.wikidata.org/entity/Q33173,Chittagonian,13000000
http://www.wikidata.org/entity/Q33728,Magahi,13000000
http://www.wikidata.org/entity/Q34327,Tsonga,13000000
http://www.wikidata.org/entity/Q9252,Kazakh,12753100
http://www.wikidata.org/entity/Q13196,Rajasthani,12370010
http://www.wikidata.org/entity/Q33273,Chewa,12000000
http://www.wikidata.org/entity/Q33491,Haitian Creole,12000000
http://www.wikidata.org/entity/Q10179,Zulu,11969100
http://www.wikidata.org/entity/Q33823,Nepali,11826953
http://www.wikidata.org/entity/Q669431,Dakhini,11000000
http://www.wikidata.org/entity/Q2044560,Sylheti,11000000
http://www.wikidata.org/entity/Q13218,Xhosa,11000000
http://www.wikidata.org/entity/Q14196,Afrikaans,10300000
http://www.wikidata.org/entity/Q36457,Min Bei,10300000
http://www.wikidata.org/entity/Q131339,Alemannic,10000000
http://www.wikidata.org/entity/Q33413,Malvi,10000000
http://www.wikidata.org/entity/Q33573,Kinyarwanda,9800000
http://www.wikidata.org/entity/Q33273,Chewa,9300000
http://www.wikidata.org/entity/Q9027,Swedish,9244250
http://www.wikidata.org/entity/Q36455,Min Dong,9100000
http://www.wikidata.org/entity/Q34004,Shona,9023000
http://www.wikidata.org/entity/Q7918,Bulgarian,9000000
http://www.wikidata.org/entity/Q9288,Hebrew,9000000
http://www.wikidata.org/entity/Q33583,Kirundi,8800000
http://www.wikidata.org/entity/Q33823,Nepali,8680000
http://www.wikidata.org/entity/Q28026,Akan,8314600
http://www.wikidata.org/entity/Q13218,Xhosa,8177300
http://www.wikidata.org/entity/Q2356364,Bagheli,8000000
http://www.wikidata.org/entity/Q5885,Tamil,8000000
http://www.wikidata.org/entity/Q34152,Shilha,8000000
http://www.wikidata.org/entity/Q9091,Belarusian,7960000
http://www.wikidata.org/entity/Q13218,Xhosa,7900000
http://www.wikidata.org/entity/Q65455884,Marwari (India),7856410
http://www.wikidata.org/entity/Q65455884,Marwari (India),7855400
http://www.wikidata.org/entity/Q65455884,Marwari (India),7830000
http://www.wikidata.org/entity/Q5218,Quechua,7767820
http://www.wikidata.org/entity/Q34239,Konkani,7600000
http://www.wikidata.org/entity/Q34124,Tigrinya,7507780
http://www.wikidata.org/entity/Q33845,Neapolitan,7500000
http://www.wikidata.org/entity/Q33882,Makhuwa,7430000
http://www.wikidata.org/entity/Q14196,Afrikaans,7200000
http://www.wikidata.org/entity/Q9246,Mongolian,7000000
http://www.wikidata.org/entity/Q35936,Ilocano,7000000
http://www.wikidata.org/entity/Q33552,Kashmiri,6900000
http://www.wikidata.org/entity/Q33587,Gikuyu,6623000
http://www.wikidata.org/entity/Q5146,Portuguese,6300000
http://www.wikidata.org/entity/Q34173,Luba-Kasai language,6300000
http://www.wikidata.org/entity/Q56608,Hijazi Arabic,6031700
http://www.wikidata.org/entity/Q565110,Northern Thai,6029500
http://www.wikidata.org/entity/Q565110,Northern Thai,6000000
http://www.wikidata.org/entity/Q9035,Danish,6000000
http://www.wikidata.org/entity/Q33474,Lambadi,6000000
http://www.wikidata.org/entity/Q34340,Sesotho,6000000
http://www.wikidata.org/entity/Q36983,Umbundu,6000000
http://www.wikidata.org/entity/Q34124,Tigrinya,5800000
http://www.wikidata.org/entity/Q35978,Hiligaynon,5700000
http://www.wikidata.org/entity/Q9035,Danish,5621380
http://www.wikidata.org/entity/Q35853,Kabyle,5586000
http://www.wikidata.org/entity/Q13324,Minangkabau,5530000
http://www.wikidata.org/entity/Q9035,Danish,5520860
http://www.wikidata.org/entity/Q2638144,Sukuma,5430000
http://www.wikidata.org/entity/Q25285,Tatar,5427318
http://www.wikidata.org/entity/Q1412,Finnish,5413380
http://www.wikidata.org/entity/Q9288,Hebrew,5353950
http://www.wikidata.org/entity/Q9211,Lao,5225552
http://www.wikidata.org/entity/Q9043,Norwegian,5200000
http://www.wikidata.org/entity/Q9246,Mongolian,5200000
http://www.wikidata.org/entity/Q7026,Catalan,5100000
http://www.wikidata.org/entity/Q36096,Mossi,5036700
http://www.wikidata.org/entity/Q33190,Buginese,5017800
http://www.wikidata.org/entity/Q33702,Kongo,5016500
http://www.wikidata.org/entity/Q25433,Low German,5000000
http://www.wikidata.org/entity/Q35876,Guarani,4850000
http://www.wikidata.org/entity/Q13201,Romani,4800000
http://www.wikidata.org/entity/Q33049,Baluchi,4800000
http://www.wikidata.org/entity/Q33973,Sicilian,4700000
http://www.wikidata.org/entity/Q33954,Sango,4600000
http://www.wikidata.org/entity/Q9255,Kyrgyz,4568480
http://www.wikidata.org/entity/Q34137,Tswana,4500000
http://www.wikidata.org/entity/Q56508,Southern Thai,4500000
http://www.wikidata.org/entity/Q3510366,Hadhrami Arabic,4473000
http://www.wikidata.org/entity/Q242648,Emilian-Romagnol,4400000
http://www.wikidata.org/entity/Q33368,Luganda,4100000
http://www.wikidata.org/entity/Q33890,Northern Sotho,4100000
http://www.wikidata.org/entity/Q7026,Catalan,4079420
http://www.wikidata.org/entity/Q34327,Tsonga,4009000
http://www.wikidata.org/entity/Q4627,Aymara,4000000
http://www.wikidata.org/entity/Q9083,Lithuanian,4000000
http://www.wikidata.org/entity/Q14185,Occitan,4000000
http://www.wikidata.org/entity/Q33070,Balinese,4000000
http://www.wikidata.org/entity/Q33813,Hmong language,4000000
http://www.wikidata.org/entity/Q34159,Tok Pisin,4000000
http://www.wikidata.org/entity/Q9288,Hebrew,3950000
http://www.wikidata.org/entity/Q33754,Lombard,3900000
http://www.wikidata.org/entity/Q2574767,Kamba,3893000
http://www.wikidata.org/entity/Q8108,Georgian,3700000
http://www.wikidata.org/entity/Q34257,Wolof,3700000
http://www.wikidata.org/entity/Q33052,Bemba,3600000
http://www.wikidata.org/entity/Q27683,Acehnese,3500032
http://www.wikidata.org/entity/Q33151,Banjar,3500000
http://www.wikidata.org/entity/Q34327,Tsonga,3400000
http://www.wikidata.org/entity/Q33229,Bhili,3310000
http://www.wikidata.org/entity/Q4701277,Luri,3300000
http://www.wikidata.org/entity/Q33070,Balinese,3300000
http://www.wikidata.org/entity/Q13356,Mazanderani,3270000
http://www.wikidata.org/entity/Q35939,Jamaican Patois,3200000
http://www.wikidata.org/entity/Q9027,Swedish,3118000
http://www.wikidata.org/entity/Q34279,Waray,3100000
http://www.wikidata.org/entity/Q36109,Maithili,3092530
http://www.wikidata.org/entity/Q12952252,Eastern Balochi,3050000
http://www.wikidata.org/entity/Q652,Italian,3026000
http://www.wikidata.org/entity/Q3436689,Brazilian Sign Language,3000000
http://www.wikidata.org/entity/Q5414796,Luo dialect,3000000
http://www.wikidata.org/entity/Q10867404,Sabah Malay,3000000
http://www.wikidata.org/entity/Q1571,Marathi,3000000
http://www.wikidata.org/entity/Q30005,Ewe,3000000
http://www.wikidata.org/entity/Q33459,Garhwali,3000000
http://www.wikidata.org/entity/Q33657,Gilaki,3000000
http://www.wikidata.org/entity/Q36850,Twi,3000000
http://www.wikidata.org/entity/Q49741,Central Atlas Tamazight,3000000
http://www.wikidata.org/entity/Q56482,Shan,3000000
http://www.wikidata.org/entity/Q1775361,Gondi,2984453
http://www.wikidata.org/entity/Q33823,Nepali,2926168
http://www.wikidata.org/entity/Q32706,Dioula language,2700000
http://www.wikidata.org/entity/Q33243,Bambara,2700000
http://www.wikidata.org/entity/Q34138,Tumbuka,2680000
http://www.wikidata.org/entity/Q9307,Galician,2500000
http://www.wikidata.org/entity/Q33284,Central Bikol,2500000
http://www.wikidata.org/entity/Q56583,Pu-Xian Min,2500000
http://www.wikidata.org/entity/Q9063,Slovene,2400000
http://www.wikidata.org/entity/Q13207,Runyankole language,2300000
http://www.wikidata.org/entity/Q33529,Kumaoni,2300000
http://www.wikidata.org/entity/Q35107,Baoulé,2100000
http://www.wikidata.org/entity/Q34014,Swazi,2034200
http://www.wikidata.org/entity/Q1294047,Sasak,2000000
http://www.wikidata.org/entity/Q9296,Macedonian,2000000
http://www.wikidata.org/entity/Q15085,Piedmontese,2000000
http://www.wikidata.org/entity/Q32724,Venetian,2000000
http://www.wikidata.org/entity/Q32730,Dogri,2000000
http://www.wikidata.org/entity/Q33492,Kurukh,2000000
http://www.wikidata.org/entity/Q34235,Nuosu,2000000
http://www.wikidata.org/entity/Q34251,Tulu,2000000
http://www.wikidata.org/entity/Q35100,Bouyei,2000000
http://www.wikidata.org/entity/Q35541,Cameroonian Pidgin English,2000000
http://www.wikidata.org/entity/Q36106,Ligurian,2000000
http://www.wikidata.org/entity/Q36217,Lingala,2000000
http://www.wikidata.org/entity/Q36486,Shilluk,2000000
http://www.wikidata.org/entity/Q36494,K’iche’,2000000
http://www.wikidata.org/entity/Q56323,Gamo-Gofa-Dawro language,2000000
http://www.wikidata.org/entity/Q8054983,Yongbei Zhuang,1980000
http://www.wikidata.org/entity/Q33291,Fon,1935500
http://www.wikidata.org/entity/Q3241177,Rohingya language,1800000
http://www.wikidata.org/entity/Q33202,Brahui,1800000
http://www.wikidata.org/entity/Q33786,Sidamo,1800000
http://www.wikidata.org/entity/Q13300,Nahuatl,1740000
http://www.wikidata.org/entity/Q35172,Makonde,1700000
http://www.wikidata.org/entity/Q10199,Zazaki,1640000
http://www.wikidata.org/entity/Q102172,Limburgish,1600000
http://www.wikidata.org/entity/Q27811,Afar,1600000
http://www.wikidata.org/entity/Q33522,Kabardian,1600000
http://www.wikidata.org/entity/Q33643,Makassarese language,1600000
http://www.wikidata.org/entity/Q3270727,Kiga language,1580000
http://www.wikidata.org/entity/Q35613,Northern Ndebele,1572800
http://www.wikidata.org/entity/Q2511476,Tày,1500000
http://www.wikidata.org/entity/Q3244184,Leeward Caribbean Creole English,1500000
http://www.wikidata.org/entity/Q3502294,Nimadi,1500000
http://www.wikidata.org/entity/Q9078,Latvian,1500000
http://www.wikidata.org/entity/Q14549,Scots,1500000
http://www.wikidata.org/entity/Q33726,Khandeshi language,1500000
http://www.wikidata.org/entity/Q35379,Kam language,1500000
http://www.wikidata.org/entity/Q56601,Khams Tibetan,1500000
http://www.wikidata.org/entity/Q2707343,Sebat Bet Gurage,1480000
http://www.wikidata.org/entity/Q33350,Chechen,1393900
http://www.wikidata.org/entity/Q56466,Dinka,1365900
http://www.wikidata.org/entity/Q33678,Mandinka,1350000
http://www.wikidata.org/entity/Q35394,Domari,1340000
http://www.wikidata.org/entity/Q33976,Sardinian,1300000
http://www.wikidata.org/entity/Q34101,tonga,1270000
http://www.wikidata.org/entity/Q9072,Estonian,1251770
http://www.wikidata.org/entity/Q8641,Yiddish,1200000
http://www.wikidata.org/entity/Q13389,Bashkir,1200000
http://www.wikidata.org/entity/Q34271,Tibetan,1200000
http://www.wikidata.org/entity/Q34926,Acholi dialect,1200000
http://www.wikidata.org/entity/Q36284,Serer,1200000
http://www.wikidata.org/entity/Q33025,Beja,1178000
http://www.wikidata.org/entity/Q35035,Aja language,1133000
http://www.wikidata.org/entity/Q2891049,Mandailing language,1100000
http://www.wikidata.org/entity/Q33879,Pangasinan,1100000
http://www.wikidata.org/entity/Q35159,Dagaare language,1100000
http://www.wikidata.org/entity/Q36660,Soninke,1096795
http://www.wikidata.org/entity/Q32704,Venda,1064000
http://www.wikidata.org/entity/Q9142,Irish,1030000
http://www.wikidata.org/entity/Q938216,Khowar,1000000
http://www.wikidata.org/entity/Q1199751,Pattani Malay,1000000
http://www.wikidata.org/entity/Q2501174,Gorontalo,1000000
http://www.wikidata.org/entity/Q9205,Khmer,1000000
http://www.wikidata.org/entity/Q23014,Palatinate German,1000000
http://www.wikidata.org/entity/Q33348,Chuvash,1000000
http://www.wikidata.org/entity/Q33368,Luganda,1000000
http://www.wikidata.org/entity/Q33979,Newar,1000000
http://www.wikidata.org/entity/Q34318,Talysh,1000000
http://www.wikidata.org/entity/Q35475,Kabiye,1000000
http://www.wikidata.org/entity/Q36137,Garo,1000000
http://www.wikidata.org/entity/Q3105505,Ha,990000
http://www.wikidata.org/entity/Q34233,Okinawan,984000
http://www.wikidata.org/entity/Q4121131,Nyamwezi,980000
http://www.wikidata.org/entity/Q33332,Jingpho language,940000
http://www.wikidata.org/entity/Q3915909,Negeri Sembilan Malay,939000
http://www.wikidata.org/entity/Q13192,Qashqai,923000
http://www.wikidata.org/entity/Q3285748,Manggarai,900000
http://www.wikidata.org/entity/Q6747931,Mandeali,900000
http://www.wikidata.org/entity/Q33675,Nuer,900000
http://www.wikidata.org/entity/Q33979,Newar,893600
http://www.wikidata.org/entity/Q35373,Khorasani Turkic,886000
http://www.wikidata.org/entity/Q56487,Kutchi language,866000
http://www.wikidata.org/entity/Q33584,Khasi,865000
http://www.wikidata.org/entity/Q72695,Nung,850000
http://www.wikidata.org/entity/Q1068112,Manado Malay,850000
http://www.wikidata.org/entity/Q13349,Mon,850000
http://www.wikidata.org/entity/Q33584,Khasi,843000
http://www.wikidata.org/entity/Q2498808,Iu Mien,820000
http://www.wikidata.org/entity/Q33900,Ndonga,810000
http://www.wikidata.org/entity/Q56509,Amdo Tibetan,810000
http://www.wikidata.org/entity/Q1262143,Juba Arabic,800000
http://www.wikidata.org/entity/Q34129,Tigre,800000
http://www.wikidata.org/entity/Q35035,Aja language,781000
http://www.wikidata.org/entity/Q13214,Zapotec,777000
http://www.wikidata.org/entity/Q29561,Avaric,766500
http://www.wikidata.org/entity/Q56407,Tai Dam,760000
http://www.wikidata.org/entity/Q33364,Fur,746000
http://www.wikidata.org/entity/Q33287,Ga,745000
http://www.wikidata.org/entity/Q9309,Welsh,724000
http://www.wikidata.org/entity/Q2520717,Ronga,722000
http://www.wikidata.org/entity/Q29561,Avaric,715000
http://www.wikidata.org/entity/Q13354,Yucatec Maya,706000
http://www.wikidata.org/entity/Q934738,Hlai,700000
http://www.wikidata.org/entity/Q3305477,Guyanese Creole,700000
http://www.wikidata.org/entity/Q33424,Iban,700000
http://www.wikidata.org/entity/Q34024,Picard,700000
http://www.wikidata.org/entity/Q35602,Hawaiian Pidgin,700000
http://www.wikidata.org/entity/Q35947,Kokborok,700000
http://www.wikidata.org/entity/Q36948,Tai Lü,700000
http://www.wikidata.org/entity/Q3437661,Luguru,692000
http://www.wikidata.org/entity/Q35744,Krio,692000
http://www.wikidata.org/entity/Q626210,Mambwe-Lungu,674000
http://www.wikidata.org/entity/Q3788739,Shambala,664000
http://www.wikidata.org/entity/Q3915207,Tai Daeng,650000
http://www.wikidata.org/entity/Q36556,Tai Nüa,650000
http://www.wikidata.org/entity/Q33919,Kui,645000
http://www.wikidata.org/entity/Q36785,Southern Ndebele,640000
http://www.wikidata.org/entity/Q56622,Gedeo,640000
http://www.wikidata.org/entity/Q26245,Rusyn,610000
http://www.wikidata.org/entity/Q2361829,Konjo language,609000
http://www.wikidata.org/entity/Q7915983,Varli,600000
http://www.wikidata.org/entity/Q28038881,East Indian language,600000
http://www.wikidata.org/entity/Q13198,Réunion Creole,600000
http://www.wikidata.org/entity/Q33012,Batak Karo,600000
http://www.wikidata.org/entity/Q33661,Mauritian Creole,600000
http://www.wikidata.org/entity/Q34219,Walloon,600000
http://www.wikidata.org/entity/Q56643,Akha,600000
http://www.wikidata.org/entity/Q33968,Ossetian,599250
http://www.wikidata.org/entity/Q33954,Sango,599000
http://www.wikidata.org/entity/Q33541,Karakalpak,583410
http://www.wikidata.org/entity/Q35459,Ewondo,578000
http://www.wikidata.org/entity/Q27776,Adyghe,575900
http://www.wikidata.org/entity/Q33457,Gagauz,566720
http://www.wikidata.org/entity/Q56643,Akha,560000
http://www.wikidata.org/entity/Q56959,Oirat,560000
http://www.wikidata.org/entity/Q8752,Basque,537860
http://www.wikidata.org/entity/Q1472421,Tsotsitaal,500000
http://www.wikidata.org/entity/Q33190,Buginese,500000
http://www.wikidata.org/entity/Q33339,Guinea-Bissau Creole,500000
http://www.wikidata.org/entity/Q33954,Sango,500000
http://www.wikidata.org/entity/Q34024,Picard,500000
http://www.wikidata.org/entity/Q35115,Kaqchikel,500000
http://www.wikidata.org/entity/Q36403,Pare,500000
http://www.wikidata.org/entity/Q36673,Toraja-Sa’dan language,500000
http://www.wikidata.org/entity/Q34934,Awngi,490000
http://www.wikidata.org/entity/Q56310,Kuy,488900
http://www.wikidata.org/entity/Q9166,Maltese,482880
http://www.wikidata.org/entity/Q3906614,Meadow Mari,482000
http://www.wikidata.org/entity/Q33335,Khmu,480000
http://www.wikidata.org/entity/Q3906614,Meadow Mari,470000
http://www.wikidata.org/entity/Q8752,Basque,464000
http://www.wikidata.org/entity/Q34125,Tetum,463500
http://www.wikidata.org/entity/Q33595,Iraqw,460000
http://www.wikidata.org/entity/Q29507,Asturian,450000
http://www.wikidata.org/entity/Q34299,Sakha,450000
http://www.wikidata.org/entity/Q35780,Lahu,450000
http://www.wikidata.org/entity/Q28602,Aramaic,445000
http://www.wikidata.org/entity/Q35807,Lobi,440000
http://www.wikidata.org/entity/Q33281,Chavacano,431000
http://www.wikidata.org/entity/Q36209,Kumyk,426212
http://www.wikidata.org/entity/Q35106,Bru language,425000
http://www.wikidata.org/entity/Q35536,Q’eqchi’,420000
http://www.wikidata.org/entity/Q56477,Limbu,420000
http://www.wikidata.org/entity/Q34011,Samoan,415720
http://www.wikidata.org/entity/Q33989,Sranan tongo,415700
http://www.wikidata.org/entity/Q34011,Samoan,413257
http://www.wikidata.org/entity/Q13284,Sora,410000
http://www.wikidata.org/entity/Q9166,Maltese,403000
http://www.wikidata.org/entity/Q241146,Cham language,400000
http://www.wikidata.org/entity/Q34125,Tetum,400000
http://www.wikidata.org/entity/Q35999,Ngas,400000
http://www.wikidata.org/entity/Q35614,Kiduruma,397000
http://www.wikidata.org/entity/Q9051,Luxembourgish,391200
http://www.wikidata.org/entity/Q7673650,Tabwa language,382000
http://www.wikidata.org/entity/Q256,Turkish,380300
http://www.wikidata.org/entity/Q33720,Kinaray-a language,380000
http://www.wikidata.org/entity/Q46728,Fiji Hindi,380000
http://www.wikidata.org/entity/Q3906614,Meadow Mari,365316
http://www.wikidata.org/entity/Q3192339,Kamayo,363000
http://www.wikidata.org/entity/Q33634,Kalmyk Oirat,360800
http://www.wikidata.org/entity/Q294,Icelandic,358000
http://www.wikidata.org/entity/Q37010,Zigula,355000
http://www.wikidata.org/entity/Q3056339,Rejang,350000
http://www.wikidata.org/entity/Q3200721,Kuvi,350000
http://www.wikidata.org/entity/Q256,Turkish,350000
http://www.wikidata.org/entity/Q36809,Tzotzil,350000
http://www.wikidata.org/entity/Q35272,Goemai,347005
http://www.wikidata.org/entity/Q35108,Bench,347000
http://www.wikidata.org/entity/Q13359,Mingrelian,345530
http://www.wikidata.org/entity/Q33295,Fijian,341270
http://www.wikidata.org/entity/Q13238,Udmurt,340530
http://www.wikidata.org/entity/Q32656,Dhivehi,340500
http://www.wikidata.org/entity/Q2360396,Balkan Gagauz Turkish,330000
http://www.wikidata.org/entity/Q33295,Fijian,330000
http://www.wikidata.org/entity/Q33120,Buryat,329000
http://www.wikidata.org/entity/Q32952,Chakma,326000
http://www.wikidata.org/entity/Q13238,Udmurt,324000
http://www.wikidata.org/entity/Q33509,Ingush,322900
http://www.wikidata.org/entity/Q33856,Papiamento,321300
http://www.wikidata.org/entity/Q294,Icelandic,321040
http://www.wikidata.org/entity/Q33295,Fijian,320000
http://www.wikidata.org/entity/Q33856,Papiamento,319000
http://www.wikidata.org/entity/Q3114653,Ngazidja Comorian,312000
http://www.wikidata.org/entity/Q33714,Karachay-Balkar,310400
http://www.wikidata.org/entity/Q2478711,Naxi language,310000
http://www.wikidata.org/entity/Q33714,Karachay-Balkar,305364
http://www.wikidata.org/entity/Q9051,Luxembourgish,303000
http://www.wikidata.org/entity/Q1363072,Guianan Creole,300000
http://www.wikidata.org/entity/Q3112388,Sui,300000
http://www.wikidata.org/entity/Q3182585,Sumbawa,300000
http://www.wikidata.org/entity/Q3914431,Saya,300000
http://www.wikidata.org/entity/Q33281,Chavacano,300000
http://www.wikidata.org/entity/Q33441,Friulian,300000
http://www.wikidata.org/entity/Q33730,Mapudungun,300000
http://www.wikidata.org/entity/Q33989,Sranan tongo,300000
http://www.wikidata.org/entity/Q35268,Esan,300000
http://www.wikidata.org/entity/Q34119,Tuvan,297000
http://www.wikidata.org/entity/Q35860,Maba language,296000
http://www.wikidata.org/entity/Q7495,Aari,285000
http://www.wikidata.org/entity/Q33302,French Sign Language,283000
http://www.wikidata.org/entity/Q760732,Naba,280000
http://www.wikidata.org/entity/Q7675751,Tai Dón,280000
http://www.wikidata.org/entity/Q8072097,Zimbabwe Sign Language,280000
http://www.wikidata.org/entity/Q9142,Irish,276310
http://www.wikidata.org/entity/Q1412,Finnish,272000
http://www.wikidata.org/entity/Q28433,Mongsen Ao,261000
http://www.wikidata.org/entity/Q7495,Aari,253000
http://www.wikidata.org/entity/Q17522631,Northern Ngbandi,250290
http://www.wikidata.org/entity/Q1160372,Laz,250000
http://www.wikidata.org/entity/Q3501903,Ethiopian Sign Language,250000
http://www.wikidata.org/entity/Q13301,Khoekhoe,250000
http://www.wikidata.org/entity/Q32145,Ripuarian,250000
http://www.wikidata.org/entity/Q56239,Bade,250000
http://www.wikidata.org/entity/Q33205,Badaga,245000
http://www.wikidata.org/entity/Q33081,Dzongkha,237080
http://www.wikidata.org/entity/Q33315,Herero,237000
http://www.wikidata.org/entity/Q36432,Safaliba,237000
http://www.wikidata.org/entity/Q1143040,Enga,230000
http://www.wikidata.org/entity/Q33093,Basaa,230000
http://www.wikidata.org/entity/Q56870,Nishi,230000
http://www.wikidata.org/entity/Q15087,Franco-Provençal,227000
http://www.wikidata.org/entity/Q36126,Komi,219100
http://www.wikidata.org/entity/Q36098,Lamba,219000
http://www.wikidata.org/entity/Q3915365,Engenni,211000
http://www.wikidata.org/entity/Q12107,Breton,206000
http://www.wikidata.org/entity/Q30007,Extremaduran,201500
http://www.wikidata.org/entity/Q508332,Burgundian,200000
http://www.wikidata.org/entity/Q3083213,Louisiana French,200000
http://www.wikidata.org/entity/Q3307195,Coastal Kadazan language,200000
http://www.wikidata.org/entity/Q3914920,Yala,200000
http://www.wikidata.org/entity/Q7675751,Tai Dón,200000
http://www.wikidata.org/entity/Q33531,Kodava,200000
http://www.wikidata.org/entity/Q34024,Picard,200000
http://www.wikidata.org/entity/Q667747,Fipa,195000
http://www.wikidata.org/entity/Q6821677,Mesqan,195000
http://www.wikidata.org/entity/Q36109,Maithili,195000
http://www.wikidata.org/entity/Q5111,Abkhaz,190110
http://www.wikidata.org/entity/Q35490,Garifuna,190000
http://www.wikidata.org/entity/Q34094,Tongan,186010
http://www.wikidata.org/entity/Q1516803,Miskito,180000
http://www.wikidata.org/entity/Q5317225,Kadazandusun,180000
http://www.wikidata.org/entity/Q6480777,Lamaholot,180000
http://www.wikidata.org/entity/Q7987774,Western Dani,180000
http://www.wikidata.org/entity/Q35179,Ch’ol language,180000
http://www.wikidata.org/entity/Q33590,Lotha language,179467
http://www.wikidata.org/entity/Q3440432,Ron,176000
http://www.wikidata.org/entity/Q15407179,Tharaka,176000
http://www.wikidata.org/entity/Q32952,Chakma,176000
http://www.wikidata.org/entity/Q33960,Sika,175000
http://www.wikidata.org/entity/Q36803,Purépecha language,175000
http://www.wikidata.org/entity/Q36840,Tshangla,175000
http://www.wikidata.org/entity/Q33081,Dzongkha,171000
http://www.wikidata.org/entity/Q13310,Navajo,169369
http://www.wikidata.org/entity/Q34011,Samoan,169000
http://www.wikidata.org/entity/Q1843468,Caribbean Hindustani,165000
http://www.wikidata.org/entity/Q56652,Alaba-K’abeena,162000
http://www.wikidata.org/entity/Q36451,Māori,160000
http://www.wikidata.org/entity/Q6430753,Koore language,159200
http://www.wikidata.org/entity/Q6522666,Lenje,156000
http://www.wikidata.org/entity/Q34124,Tigrinya,152000
http://www.wikidata.org/entity/Q33111,Corsican,151000
http://www.wikidata.org/entity/Q2328761,Ma'anyan,150000
http://www.wikidata.org/entity/Q3438770,Karekare,150000
http://www.wikidata.org/entity/Q12952596,Western Kayah,150000
http://www.wikidata.org/entity/Q32952,Chakma,150000
http://www.wikidata.org/entity/Q33457,Gagauz,150000
http://www.wikidata.org/entity/Q35573,Huastec,150000
http://www.wikidata.org/entity/Q36612,Sherpa,150000
http://www.wikidata.org/entity/Q22711,Pennsylvania German,148000
http://www.wikidata.org/entity/Q7042633,Nkoya,146000
http://www.wikidata.org/entity/Q9142,Irish,141000
http://www.wikidata.org/entity/Q3513320,Pamona,137000
http://www.wikidata.org/entity/Q36196,Ladino,137000
http://www.wikidata.org/entity/Q27602,Maria,134000
http://www.wikidata.org/entity/Q7193332,Ngulu,132000
http://www.wikidata.org/entity/Q529921,Tangale,130000
http://www.wikidata.org/entity/Q7208577,Poke,130000
http://www.wikidata.org/entity/Q35833,Ladakhi,130000
http://www.wikidata.org/entity/Q33989,Sranan tongo,126000
http://www.wikidata.org/entity/Q3250286,Hakha-Chin language,125000
http://www.wikidata.org/entity/Q2067656,Ende,124000
http://www.wikidata.org/entity/Q34159,Tok Pisin,122000
http://www.wikidata.org/entity/Q3545044,Khün,120000
http://www.wikidata.org/entity/Q13210,Russian Sign Language,120000
http://www.wikidata.org/entity/Q6740513,Makwe,119700
http://www.wikidata.org/entity/Q27776,Adyghe,117500
http://www.wikidata.org/entity/Q37059,Bishnupriya Manipuri,117500
http://www.wikidata.org/entity/Q35296,Ekoi language,116700
http://www.wikidata.org/entity/Q30898,Gilbertese,116280
http://www.wikidata.org/entity/Q33856,Papiamento,115000
http://www.wikidata.org/entity/Q29316,Aromanian,112960
http://www.wikidata.org/entity/Q1363055,Belizean Creole,110000
http://www.wikidata.org/entity/Q2067656,Ende,110000
http://www.wikidata.org/entity/Q2319877,Hawu,110000
http://www.wikidata.org/entity/Q3571364,Yakoma,110000
http://www.wikidata.org/entity/Q29507,Asturian,110000
http://www.wikidata.org/entity/Q56495,Judeo-Tat,106000
http://www.wikidata.org/entity/Q2697010,Li'o,105000
http://www.wikidata.org/entity/Q17522635,Southern Ngbandi,105000
http://www.wikidata.org/entity/Q4418344,Siberian Tatar,101000
http://www.wikidata.org/entity/Q3042206,Mwani,100000
http://www.wikidata.org/entity/Q6393846,Kerewe,100000
http://www.wikidata.org/entity/Q7675773,Tai Laing,100000
http://www.wikidata.org/entity/Q11130292,Ntomba,100000
http://www.wikidata.org/entity/Q29507,Asturian,100000
http://www.wikidata.org/entity/Q33850,Norman,100000
http://www.wikidata.org/entity/Q14549,Scots,99200
http://www.wikidata.org/entity/Q779632,Kwere,98000
http://www.wikidata.org/entity/Q4684505,Adonara,98000
http://www.wikidata.org/entity/Q29952,Erzya,96860
http://www.wikidata.org/entity/Q32430,Daur,96085
http://www.wikidata.org/entity/Q2872082,Aushi,95200
http://www.wikidata.org/entity/Q795327,Maale language,94700
http://www.wikidata.org/entity/Q35528,Ixil,92000
http://www.wikidata.org/entity/Q12953610,Kanjari,91000
http://www.wikidata.org/entity/Q56795,Omi,91000
http://www.wikidata.org/entity/Q14549,Scots,90000
http://www.wikidata.org/entity/Q33743,Muher language,90000
http://www.wikidata.org/entity/Q33779,Saramaccan,90000
http://www.wikidata.org/entity/Q33871,Nogai,90000
http://www.wikidata.org/entity/Q34214,Monguor,90000
http://www.wikidata.org/entity/Q2067656,Ende,87000
http://www.wikidata.org/entity/Q3092284,Mulam,86000
http://www.wikidata.org/entity/Q36705,Shelta,86000
http://www.wikidata.org/entity/Q35737,Judaeo-Georgian,85000
http://www.wikidata.org/entity/Q4175893,Mara,84000
http://www.wikidata.org/entity/Q56348,Yimchungrü language,83259
http://www.wikidata.org/entity/Q715766,Atayal,80000
http://www.wikidata.org/entity/Q3914924,Ngizim,80000
http://www.wikidata.org/entity/Q35284,Cia-Cia,80000
http://www.wikidata.org/entity/Q36179,Nara,80000
http://www.wikidata.org/entity/Q56594,Zaiwa,80000
http://www.wikidata.org/entity/Q11732610,Sagara language,79000
http://www.wikidata.org/entity/Q9051,Luxembourgish,79000
http://www.wikidata.org/entity/Q3440381,Warji,77700
http://www.wikidata.org/entity/Q17523697,Bankal,75000
http://www.wikidata.org/entity/Q35990,Lepcha,75000
http://www.wikidata.org/entity/Q34015,Seychellois Creole,73000
http://www.wikidata.org/entity/Q3914436,Dadiya,70000
http://www.wikidata.org/entity/Q17523694,Gwak,70000
http://www.wikidata.org/entity/Q35285,Sikkimese,70000
http://www.wikidata.org/entity/Q36011,Mbo,70000
http://www.wikidata.org/entity/Q36807,Tarahumara language,70000
http://www.wikidata.org/entity/Q56491,Blin,70000
http://www.wikidata.org/entity/Q36536,Forro language,69899
http://www.wikidata.org/entity/Q25258,Faroese,69150
http://www.wikidata.org/entity/Q34128,Tahitian,68000
http://www.wikidata.org/entity/Q35990,Lepcha,66500
http://www.wikidata.org/entity/Q7194057,Duguri,65000
http://www.wikidata.org/entity/Q33262,Chamorro,64300
http://www.wikidata.org/entity/Q56318,Permyak language,63100
http://www.wikidata.org/entity/Q37011,Zo,61000
http://www.wikidata.org/entity/Q9314,Scottish Gaelic,60130
http://www.wikidata.org/entity/Q1516651,Ngadha,60000
http://www.wikidata.org/entity/Q3438705,Ngamo,60000
http://www.wikidata.org/entity/Q3914415,Waja,60000
http://www.wikidata.org/entity/Q34053,Shughni,60000
http://www.wikidata.org/entity/Q34930,Bafia,60000
http://www.wikidata.org/entity/Q9314,Scottish Gaelic,57000
http://www.wikidata.org/entity/Q25355,Greenlandic,56200
http://www.wikidata.org/entity/Q1991779,Southern Altai,55720
http://www.wikidata.org/entity/Q1526530,Aguaruna,55300
http://www.wikidata.org/entity/Q33875,Ojibwe,55000
http://www.wikidata.org/entity/Q7557754,Soli,54400
http://www.wikidata.org/entity/Q11732345,Konongo,51000
http://www.wikidata.org/entity/Q34781,Abidji,51000
http://www.wikidata.org/entity/Q56596,Judeo-Yemeni Arabic,50300
http://www.wikidata.org/entity/Q2295569,Nage,50000
http://www.wikidata.org/entity/Q11059,Sanskrit,49736
http://www.wikidata.org/entity/Q27567,Abaza,48000
http://www.wikidata.org/entity/Q35575,Huichol,47625
http://www.wikidata.org/entity/Q34203,Yaeyama,47600
http://www.wikidata.org/entity/Q1089151,Sri Lankan Creole Malay,46000
http://www.wikidata.org/entity/Q6448634,Kutu,45000
http://www.wikidata.org/entity/Q13257,Urum,45000
http://www.wikidata.org/entity/Q34903,Bagirmi,44800
http://www.wikidata.org/entity/Q35243,Braj Bhasha,44000
http://www.wikidata.org/entity/Q36280,Marshallese,43900
http://www.wikidata.org/entity/Q29292,Argobba,43700
http://www.wikidata.org/entity/Q35233,Chuj,43370
http://www.wikidata.org/entity/Q33575,Khakas,42604
http://www.wikidata.org/entity/Q36388,Nubi,42000
http://www.wikidata.org/entity/Q33050,Dungan,41400
http://www.wikidata.org/entity/Q56477,Limbu,40835
http://www.wikidata.org/entity/Q788423,Amba language,40100
http://www.wikidata.org/entity/Q13199,Romansh,40039
http://www.wikidata.org/entity/Q3113756,Toba Qom language,40000
http://www.wikidata.org/entity/Q3195346,Ke'o,40000
http://www.wikidata.org/entity/Q6047309,Central Nahuatl,40000
http://www.wikidata.org/entity/Q11001650,Mbat language,40000
http://www.wikidata.org/entity/Q33385,Hutterite German,40000
http://www.wikidata.org/entity/Q33677,Páez,40000
http://www.wikidata.org/entity/Q33733,Gorani language,40000
http://www.wikidata.org/entity/Q33516,Motu,39000
http://www.wikidata.org/entity/Q36560,Kukuya language,38800
http://www.wikidata.org/entity/Q3441293,Dass,37582
http://www.wikidata.org/entity/Q7116251,Oyda,37000
http://www.wikidata.org/entity/Q35156,Car language,37000
http://www.wikidata.org/entity/Q5091700,Chepang,36807
http://www.wikidata.org/entity/Q29952,Erzya,36700
http://www.wikidata.org/entity/Q24265483,Seram,36500
http://www.wikidata.org/entity/Q29921,Inuktitut,36220
http://www.wikidata.org/entity/Q5996114,Ikoma language,36000
http://www.wikidata.org/entity/Q33557,Karelian,35600
http://www.wikidata.org/entity/Q36632,Nen language,35000
http://www.wikidata.org/entity/Q3200624,Nepali Kurux,33700
http://www.wikidata.org/entity/Q2928650,Buru,32980
http://www.wikidata.org/entity/Q33979,Newar,32600
http://www.wikidata.org/entity/Q35164,Dendi language,32050
http://www.wikidata.org/entity/Q6740513,Makwe,32000
http://www.wikidata.org/entity/Q36428,Kpwe,32000
http://www.wikidata.org/entity/Q7821200,Tongwe,31600
http://www.wikidata.org/entity/Q36374,Nzakambay,31500
http://www.wikidata.org/entity/Q33362,Juang,30875
http://www.wikidata.org/entity/Q1776032,Hill Mari,30000
http://www.wikidata.org/entity/Q3092293,Maonan,30000
http://www.wikidata.org/entity/Q3503454,Nagamese Creole,30000
http://www.wikidata.org/entity/Q3914907,Tula,30000
http://www.wikidata.org/entity/Q6899857,Moni,30000
http://www.wikidata.org/entity/Q13223,Xibe,30000
http://www.wikidata.org/entity/Q34208,Wakhi,30000
http://www.wikidata.org/entity/Q35177,Ch’orti’,30000
http://www.wikidata.org/entity/Q36202,Ladin,30000
http://www.wikidata.org/entity/Q43328,Miya,30000
http://www.wikidata.org/entity/Q56594,Zaiwa,30000
http://www.wikidata.org/entity/Q6450184,Kwangwa,29300
http://www.wikidata.org/entity/Q3319155,Mwali Comorian,28700
http://www.wikidata.org/entity/Q6298648,Jru' language,28000
http://www.wikidata.org/entity/Q37300,Gallo,28000
http://www.wikidata.org/entity/Q30004,Evenki,27500
http://www.wikidata.org/entity/Q33569,Hawaiian,27200
http://www.wikidata.org/entity/Q3399642,Agarabi,27000
http://www.wikidata.org/entity/Q8836490,Bende,27000
http://www.wikidata.org/entity/Q11059,Sanskrit,26490
http://www.wikidata.org/entity/Q33569,Hawaiian,26205
http://www.wikidata.org/entity/Q3437230,Asháninka,26000
http://www.wikidata.org/entity/Q11732616,Sanaga,26000
http://www.wikidata.org/entity/Q13268,Sioux,26000
http://www.wikidata.org/entity/Q56733,Lele language,26000
http://www.wikidata.org/entity/Q56800,Zulgo-Gemzek,26000
http://www.wikidata.org/entity/Q33626,Harari,25810
http://www.wikidata.org/entity/Q33947,Northern Sami,25700
http://www.wikidata.org/entity/Q65455884,Marwari (India),25400
http://www.wikidata.org/entity/Q1990659,Kajtak language,25000
http://www.wikidata.org/entity/Q2411063,Pero,25000
http://www.wikidata.org/entity/Q3332062,Alorese,25000
http://www.wikidata.org/entity/Q3438350,Dijim-Bwilim,25000
http://www.wikidata.org/entity/Q12473441,Balinese Malay,25000
http://www.wikidata.org/entity/Q36699,Pijin,25000
http://www.wikidata.org/entity/Q3447440,Bwile,24800
http://www.wikidata.org/entity/Q2605045,Kamkata-viri language,24200
http://www.wikidata.org/entity/Q5288055,Doe,24000
http://www.wikidata.org/entity/Q8053347,Yeyi,24000
http://www.wikidata.org/entity/Q36452,Nenets,24000
http://www.wikidata.org/entity/Q34914,Bofi,23500
http://www.wikidata.org/entity/Q1776032,Hill Mari,23062
http://www.wikidata.org/entity/Q3450578,Bolango,23000
http://www.wikidata.org/entity/Q11732489,Mushungulu,23000
http://www.wikidata.org/entity/Q56272,Bana,23000
http://www.wikidata.org/entity/Q152965,Silesian German,22900
http://www.wikidata.org/entity/Q1845148,Zemba,22000
http://www.wikidata.org/entity/Q36452,Nenets,21926
http://www.wikidata.org/entity/Q2820163,Abaknon,21400
http://www.wikidata.org/entity/Q1990659,Kajtak language,21000
http://www.wikidata.org/entity/Q37011,Zo,20900
http://www.wikidata.org/entity/Q36239,New Zealand Sign Language,20200
http://www.wikidata.org/entity/Q1262143,Juba Arabic,20000
http://www.wikidata.org/entity/Q2784033,Deyah language,20000
http://www.wikidata.org/entity/Q3503403,Sula,20000
http://www.wikidata.org/entity/Q3512690,Taba language,20000
http://www.wikidata.org/entity/Q3914879,Kamo,20000
http://www.wikidata.org/entity/Q3915785,Nguồn language,20000
http://www.wikidata.org/entity/Q6488691,Larantuka Malay,20000
http://www.wikidata.org/entity/Q6899857,Moni,20000
http://www.wikidata.org/entity/Q7599417,Andaman Creole Hindi,20000
http://www.wikidata.org/entity/Q33295,Fijian,20000
http://www.wikidata.org/entity/Q33856,Papiamento,20000
http://www.wikidata.org/entity/Q33947,Northern Sami,20000
http://www.wikidata.org/entity/Q34849,Andi,20000
http://www.wikidata.org/entity/Q35110,Bube,20000
http://www.wikidata.org/entity/Q35679,Konda language,20000
http://www.wikidata.org/entity/Q56811,Kanakuru language,20000
http://www.wikidata.org/entity/Q3913357,Uneme,19800
http://www.wikidata.org/entity/Q3304803,Mekeo,19000
http://www.wikidata.org/entity/Q7692927,Tecóatl Mazatec,18900
http://www.wikidata.org/entity/Q56893,Kibet,18500
http://www.wikidata.org/entity/Q35299,Dowayo language,18000
http://www.wikidata.org/entity/Q36745,Cook Islands Maori,17500
http://www.wikidata.org/entity/Q33776,Palauan,17000
http://www.wikidata.org/entity/Q21117,Central Alaskan Yup'ik,16900
http://www.wikidata.org/entity/Q3915212,Kami language,16400
http://www.wikidata.org/entity/Q36612,Sherpa,16012
http://www.wikidata.org/entity/Q34075,Maore dialect,15200
http://www.wikidata.org/entity/Q3514481,Angguruk Yali,15000
http://www.wikidata.org/entity/Q7675751,Tai Dón,15000
http://www.wikidata.org/entity/Q13330,Mirandese,15000
http://www.wikidata.org/entity/Q33225,Finnish Sign Language,15000
http://www.wikidata.org/entity/Q34067,Svan,15000
http://www.wikidata.org/entity/Q35568,Landoma,15000
http://www.wikidata.org/entity/Q36763,Tuamotuan,15000
http://www.wikidata.org/entity/Q36375,Puguli language,14300
http://www.wikidata.org/entity/Q11059,Sanskrit,14135
http://www.wikidata.org/entity/Q34862,Bangolan,14000
http://www.wikidata.org/entity/Q7495,Aari,13300
http://www.wikidata.org/entity/Q3196527,Kikai,13100
http://www.wikidata.org/entity/Q3915502,Khamti,13000
http://www.wikidata.org/entity/Q34055,Tuvaluan,13000
http://www.wikidata.org/entity/Q7502,Abanyom,12500
http://www.wikidata.org/entity/Q34033,Tsez,12467
http://www.wikidata.org/entity/Q12175,Manx,12350
http://www.wikidata.org/entity/Q16564526,Kwandi,12100
http://www.wikidata.org/entity/Q3441324,Mburku,12000
http://www.wikidata.org/entity/Q3447258,Sawai,12000
http://www.wikidata.org/entity/Q3542085,Tungag,12000
http://www.wikidata.org/entity/Q4914533,Bintauna,12000
http://www.wikidata.org/entity/Q11732704,Q11732704,12000
http://www.wikidata.org/entity/Q34247,Yaghnobi,12000
http://www.wikidata.org/entity/Q6558753,Lisela,11900
http://www.wikidata.org/entity/Q34196,Waigali,11500
http://www.wikidata.org/entity/Q56301,Ɗuwai language,11400
http://www.wikidata.org/entity/Q4914533,Bintauna,11200
http://www.wikidata.org/entity/Q27692,Chipewyan,11130
http://www.wikidata.org/entity/Q3438747,Kushi,11000
http://www.wikidata.org/entity/Q13351,Innu-aimun,11000
http://www.wikidata.org/entity/Q33390,Cree,10875
http://www.wikidata.org/entity/Q6393217,Kepo',10600
http://www.wikidata.org/entity/Q7144242,Patani,10600
http://www.wikidata.org/entity/Q24265597,Elnama language,10008
http://www.wikidata.org/entity/Q713643,Karanga,10000
http://www.wikidata.org/entity/Q1185127,Louisiana Creole,10000
http://www.wikidata.org/entity/Q2196866,Palu'e,10000
http://www.wikidata.org/entity/Q2319877,Hawu,10000
http://www.wikidata.org/entity/Q2840988,Northern Amami Ōshima,10000
http://www.wikidata.org/entity/Q2984540,Laura,10000
http://www.wikidata.org/entity/Q3572020,Yawa,10000
http://www.wikidata.org/entity/Q6441341,Kubu,10000
http://www.wikidata.org/entity/Q7572120,So’a,10000
http://www.wikidata.org/entity/Q11003439,Dendi language,10000
http://www.wikidata.org/entity/Q11044290,Q11044290,10000
http://www.wikidata.org/entity/Q85132032,Q85132032,10000
http://www.wikidata.org/entity/Q8765,Aragonese,10000
http://www.wikidata.org/entity/Q33295,Fijian,10000
http://www.wikidata.org/entity/Q33790,Niuean,10000
http://www.wikidata.org/entity/Q35452,Bislama,10000
http://www.wikidata.org/entity/Q56611,Carib,10000
http://www.wikidata.org/entity/Q35586,Krobu,9920
http://www.wikidata.org/entity/Q10188,Zuni,9650
http://www.wikidata.org/entity/Q56633,Macushi,9600
http://www.wikidata.org/entity/Q33563,Khanty,9584
http://www.wikidata.org/entity/Q12952582,Lahta,9550
http://www.wikidata.org/entity/Q3542085,Tungag,9500
http://www.wikidata.org/entity/Q33894,Gawar-Bati,9500
http://www.wikidata.org/entity/Q14352960,Zayein,9300
http://www.wikidata.org/entity/Q13307,Nauruan,9300
http://www.wikidata.org/entity/Q32979,Choctaw,9200
http://www.wikidata.org/entity/Q7928151,Vidunda,9000
http://www.wikidata.org/entity/Q35463,Ghotuo,9000
http://www.wikidata.org/entity/Q36754,Rotuman,9000
http://www.wikidata.org/entity/Q63213931,Hunjara-Kaina Ke language,8770
http://www.wikidata.org/entity/Q13321,Mi'kmaq,8270
http://www.wikidata.org/entity/Q3441315,Pa'a,8000
http://www.wikidata.org/entity/Q6359001,Kamoro language,8000
http://www.wikidata.org/entity/Q63257089,Kalaktang Monpa language,8000
http://www.wikidata.org/entity/Q33464,Kosraean,8000
http://www.wikidata.org/entity/Q34333,Nheengatu,8000
http://www.wikidata.org/entity/Q3515594,West Tarangan,7910
http://www.wikidata.org/entity/Q2669188,Apma,7800
http://www.wikidata.org/entity/Q36013,Mursi,7500
http://www.wikidata.org/entity/Q56286,Diri,7200
http://www.wikidata.org/entity/Q3101212,Kayapo language,7100
http://www.wikidata.org/entity/Q2877785,Babatana,7070
http://www.wikidata.org/entity/Q5529130,Gazi,7030
http://www.wikidata.org/entity/Q33030,Bashkardi,7030
http://www.wikidata.org/entity/Q746723,Munduruku language,7000
http://www.wikidata.org/entity/Q2478745,ǂKxʼauǁʼein,7000
http://www.wikidata.org/entity/Q3775037,Western Bolivian Guaraní,7000
http://www.wikidata.org/entity/Q6763970,Marind,7000
http://www.wikidata.org/entity/Q29960,Even,7000
http://www.wikidata.org/entity/Q56421,Hopi,6780
http://www.wikidata.org/entity/Q36860,Tindi,6693
http://www.wikidata.org/entity/Q15649021,Eastern Keres,6680
http://www.wikidata.org/entity/Q3450812,Yipma language,6600
http://www.wikidata.org/entity/Q3913381,Mala,6600
http://www.wikidata.org/entity/Q27927,Äynu,6570
http://www.wikidata.org/entity/Q56590,Atikamekw,6160
http://www.wikidata.org/entity/Q34179,Yidgha,6150
http://www.wikidata.org/entity/Q11059,Sanskrit,6106
http://www.wikidata.org/entity/Q3446631,Bangwinji,6000
http://www.wikidata.org/entity/Q3446643,Awak,6000
http://www.wikidata.org/entity/Q6393217,Kepo',6000
http://www.wikidata.org/entity/Q7812881,Todrah,6000
http://www.wikidata.org/entity/Q14916885,Lewotobi,6000
http://www.wikidata.org/entity/Q33054,Bezhta,6000
http://www.wikidata.org/entity/Q33781,Marquesan language,6000
http://www.wikidata.org/entity/Q56636,Karata,6000
http://www.wikidata.org/entity/Q28427,Carolinian,5700
http://www.wikidata.org/entity/Q56528,Sekele,5600
http://www.wikidata.org/entity/Q27183,Inupiat,5580
http://www.wikidata.org/entity/Q56421,Hopi,5264
http://www.wikidata.org/entity/Q33170,Chukchi,5100
http://www.wikidata.org/entity/Q3440492,Piya language,5000
http://www.wikidata.org/entity/Q6907057,Moo,5000
http://www.wikidata.org/entity/Q7311570,Rembong,5000
http://www.wikidata.org/entity/Q11137618,Gbayi,5000
http://www.wikidata.org/entity/Q12473454,Eastern Ngad'a language,5000
http://www.wikidata.org/entity/Q13358,Megleno-Romanian,5000
http://www.wikidata.org/entity/Q33060,Blackfoot,5000
http://www.wikidata.org/entity/Q35263,Duupa,5000
http://www.wikidata.org/entity/Q36746,Rapa Nui,5000
http://www.wikidata.org/entity/Q36753,Nyingwom,5000
http://www.wikidata.org/entity/Q3041711,Dusun Malang,4500
http://www.wikidata.org/entity/Q3502030,Barakai,4450
http://www.wikidata.org/entity/Q56473,Lishán Didán,4378
http://www.wikidata.org/entity/Q523014,Muscogee,4300
http://www.wikidata.org/entity/Q3291159,Abadi,4300
http://www.wikidata.org/entity/Q2967709,Chut,4279
http://www.wikidata.org/entity/Q2748259,Pilagá,4000
http://www.wikidata.org/entity/Q2982063,Pitjantjatjara,4000
http://www.wikidata.org/entity/Q7402721,Sak,4000
http://www.wikidata.org/entity/Q12473464,Rongga,4000
http://www.wikidata.org/entity/Q28671271,Zul,4000
http://www.wikidata.org/entity/Q33947,Northern Sami,4000
http://www.wikidata.org/entity/Q3504186,Babalia Creole Arabic,3900
http://www.wikidata.org/entity/Q56317,Bhujel,3900
http://www.wikidata.org/entity/Q3438729,Siri,3800
http://www.wikidata.org/entity/Q12952969,Nubri,3776
http://www.wikidata.org/entity/Q33639,Munji,3770
http://www.wikidata.org/entity/Q2089984,Suki,3500
http://www.wikidata.org/entity/Q3305008,Mele-Fila,3500
http://www.wikidata.org/entity/Q36199,Koryak,3500
http://www.wikidata.org/entity/Q33259,Bats,3420
http://www.wikidata.org/entity/Q962392,Desano,3400
http://www.wikidata.org/entity/Q36682,Tikopia,3324
http://www.wikidata.org/entity/Q34097,Tokelauan,3300
http://www.wikidata.org/entity/Q6382179,Hula,3240
http://www.wikidata.org/entity/Q4849796,Balaesang,3200
http://www.wikidata.org/entity/Q1207611,Crow,3000
http://www.wikidata.org/entity/Q2196866,Palu'e,3000
http://www.wikidata.org/entity/Q3027906,Mocoví,3000
http://www.wikidata.org/entity/Q3398276,Adang,3000
http://www.wikidata.org/entity/Q3436621,Abellen language,3000
http://www.wikidata.org/entity/Q3436645,Aghu,3000
http://www.wikidata.org/entity/Q6966574,Nasal,3000
http://www.wikidata.org/entity/Q36533,Teribe,3000
http://www.wikidata.org/entity/Q56657,Abun,3000
http://www.wikidata.org/entity/Q33503,Mono,2940
http://www.wikidata.org/entity/Q3095108,Gane,2900
http://www.wikidata.org/entity/Q7448845,Seluwasan,2839
http://www.wikidata.org/entity/Q34139,Shor,2839
http://www.wikidata.org/entity/Q36665,Palenquero,2788
http://www.wikidata.org/entity/Q6426967,Kola,2750
http://www.wikidata.org/entity/Q11017443,Mbangi,2750
http://www.wikidata.org/entity/Q3033554,Bugan,2700
http://www.wikidata.org/entity/Q4670715,Abu’ Arapesh,2560
http://www.wikidata.org/entity/Q2927952,Buli language,2524
http://www.wikidata.org/entity/Q1639998,Warlpiri,2507
http://www.wikidata.org/entity/Q2655664,Arawak,2500
http://www.wikidata.org/entity/Q3440464,Kholok,2500
http://www.wikidata.org/entity/Q8050301,Yatzachi Zapotec,2500
http://www.wikidata.org/entity/Q33256,Bartangi,2500
http://www.wikidata.org/entity/Q33265,Cheyenne,2400
http://www.wikidata.org/entity/Q7398693,Safeyoka,2390
http://www.wikidata.org/entity/Q12175,Manx,2382
http://www.wikidata.org/entity/Q3441365,Zirenkel language,2240
http://www.wikidata.org/entity/Q11059,Sanskrit,2212
http://www.wikidata.org/entity/Q2669169,Kristang,2200
http://www.wikidata.org/entity/Q36837,West Uvean,2200
http://www.wikidata.org/entity/Q10974017,Huarijio language,2136
http://www.wikidata.org/entity/Q7448845,Seluwasan,2100
http://www.wikidata.org/entity/Q13343,Moksha,2025
http://www.wikidata.org/entity/Q3438708,Kariya,2000
http://www.wikidata.org/entity/Q3438799,Ciwogai,2000
http://www.wikidata.org/entity/Q6370196,Karey,2000
http://www.wikidata.org/entity/Q12952596,Western Kayah,2000
http://www.wikidata.org/entity/Q33904,Nihali,2000
http://www.wikidata.org/entity/Q56252,Zumbun,2000
http://www.wikidata.org/entity/Q56322,Lule Sami,2000
http://www.wikidata.org/entity/Q12175,Manx,1823
http://www.wikidata.org/entity/Q2840986,Southern Amami Ōshima language,1800
http://www.wikidata.org/entity/Q3504312,Paresí,1800
http://www.wikidata.org/entity/Q27993,Central Siberian Yupik,1800
http://www.wikidata.org/entity/Q770547,Lavukaleve,1783
http://www.wikidata.org/entity/Q56425,Khwarshi,1740
http://www.wikidata.org/entity/Q2523999,Karipúna Creole French language,1726
http://www.wikidata.org/entity/Q1406574,Gunwinggu,1702
http://www.wikidata.org/entity/Q2669254,Cofán,1700
http://www.wikidata.org/entity/Q8047298,Yalahatan,1700
http://www.wikidata.org/entity/Q33947,Northern Sami,1700
http://www.wikidata.org/entity/Q758570,Waorani,1650
http://www.wikidata.org/entity/Q32747,Veps,1640
http://www.wikidata.org/entity/Q18168288,Kadiweu,1590
http://www.wikidata.org/entity/Q6356317,Kamberau,1570
http://www.wikidata.org/entity/Q12175,Manx,1527
http://www.wikidata.org/entity/Q1656014,Tiwi,1500
http://www.wikidata.org/entity/Q3130301,Penrhyn,1500
http://www.wikidata.org/entity/Q3196221,Estonian Sign Language,1500
http://www.wikidata.org/entity/Q3514498,Taliabu,1500
http://www.wikidata.org/entity/Q12952538,Kagate,1500
http://www.wikidata.org/entity/Q33295,Fijian,1500
http://www.wikidata.org/entity/Q33419,Ishkashimi,1500
http://www.wikidata.org/entity/Q56688,Alamblak,1500
http://www.wikidata.org/entity/Q56638,Bagvalal,1450
http://www.wikidata.org/entity/Q6360672,Kanashi,1400
http://www.wikidata.org/entity/Q2410352,Kei,1360
http://www.wikidata.org/entity/Q2669214,Ambelau,1347
http://www.wikidata.org/entity/Q1186896,Pipil,1300
http://www.wikidata.org/entity/Q2714654,Enindhilyagwa language,1283
http://www.wikidata.org/entity/Q24265571,Makian Luar language,1218
http://www.wikidata.org/entity/Q2410352,Kei,1200
http://www.wikidata.org/entity/Q29277,Are,1200
http://www.wikidata.org/entity/Q57333741,Sukurum,1160
http://www.wikidata.org/entity/Q2976736,Vaeakau-Taumako language,1142
http://www.wikidata.org/entity/Q4998124,Burarra,1070
http://www.wikidata.org/entity/Q56738,Oirata,1049
http://www.wikidata.org/entity/Q34008,Selkup,1023
http://www.wikidata.org/entity/Q14916905,Serua,1013
http://www.wikidata.org/entity/Q65455884,Marwari (India),1010
http://www.wikidata.org/entity/Q3321131,Airoran,1000
http://www.wikidata.org/entity/Q3566166,Wano,1000
http://www.wikidata.org/entity/Q14426329,Yintale,1000
http://www.wikidata.org/entity/Q13307,Nauruan,1000
http://www.wikidata.org/entity/Q27154,Saterland Frisian,1000
http://www.wikidata.org/entity/Q33622,Istro-Romanian,1000
http://www.wikidata.org/entity/Q35121,Abon,1000
http://www.wikidata.org/entity/Q35845,Istriot,1000
http://www.wikidata.org/entity/Q56417,Arapaho,1000
http://www.wikidata.org/entity/Q56564,Hunzib,1000
http://www.wikidata.org/entity/Q718269,Sakizaya,958
http://www.wikidata.org/entity/Q33759,Mansi,938
http://www.wikidata.org/entity/Q3107862,Gitxsan,930
http://www.wikidata.org/entity/Q3554582,Vangunu,910
http://www.wikidata.org/entity/Q6668867,Lola,900
http://www.wikidata.org/entity/Q36583,Seri,900
http://www.wikidata.org/entity/Q12632888,Ili'uun,842
http://www.wikidata.org/entity/Q3450459,West Damar,800
http://www.wikidata.org/entity/Q7067812,Nuaulu language,800
http://www.wikidata.org/entity/Q33723,Krymchak,785
http://www.wikidata.org/entity/Q56543,Guugu Yimithirr,780
http://www.wikidata.org/entity/Q27990,Inuvialuk language,765
http://www.wikidata.org/entity/Q24265594,Kaham language,762
http://www.wikidata.org/entity/Q3027930,Xokleng,760
http://www.wikidata.org/entity/Q33436,Laal,749
http://www.wikidata.org/entity/Q7448845,Seluwasan,739
http://www.wikidata.org/entity/Q13315,Michif,730
http://www.wikidata.org/entity/Q33676,Negidal,730
http://www.wikidata.org/entity/Q3110470,Gone Dau,690
http://www.wikidata.org/entity/Q21057,Gwich’in,670
http://www.wikidata.org/entity/Q7288630,Rama Cay Creole,630
http://www.wikidata.org/entity/Q3342138,Nisga’a language,610
http://www.wikidata.org/entity/Q2992915,Yalë language,600
http://www.wikidata.org/entity/Q7036821,Nila,600
http://www.wikidata.org/entity/Q7262966,Pyen,600
http://www.wikidata.org/entity/Q57333197,Sarasira,600
http://www.wikidata.org/entity/Q13293,Southern Sami,600
http://www.wikidata.org/entity/Q25289,Cornish,600
http://www.wikidata.org/entity/Q34207,Yankunytjatjara,561
http://www.wikidata.org/entity/Q867086,Eskayan,550
http://www.wikidata.org/entity/Q36554,Pitkern,532
http://www.wikidata.org/entity/Q3198399,Kokota,530
http://www.wikidata.org/entity/Q2640628,Kwak'wala,500
http://www.wikidata.org/entity/Q6426967,Kola,500
http://www.wikidata.org/entity/Q27792,Tlingit,500
http://www.wikidata.org/entity/Q35128,Amarakaeri,500
http://www.wikidata.org/entity/Q56522,Hixkaryana language,500
http://www.wikidata.org/entity/Q56567,Chamalal,500
http://www.wikidata.org/entity/Q63256977,Mouwase language,450
http://www.wikidata.org/entity/Q27992,Alutiiq,450
http://www.wikidata.org/entity/Q1755054,Thompson,440
http://www.wikidata.org/entity/Q3027953,Sirionó,400
http://www.wikidata.org/entity/Q3450131,Zeem,400
http://www.wikidata.org/entity/Q5328200,East Damar language,400
http://www.wikidata.org/entity/Q34243,Yonaguni,400
http://www.wikidata.org/entity/Q35143,Dahalo,400
http://www.wikidata.org/entity/Q56519,Massachusett,400
http://www.wikidata.org/entity/Q6792550,Maung,371
http://www.wikidata.org/entity/Q3513326,Awyi,350
http://www.wikidata.org/entity/Q3541581,Coast Tsimshian language,350
http://www.wikidata.org/entity/Q7679471,Kadai,350
http://www.wikidata.org/entity/Q3284890,Mamaindê language,340
http://www.wikidata.org/entity/Q6680287,Nethalp,340
http://www.wikidata.org/entity/Q11732787,Q11732787,330
http://www.wikidata.org/entity/Q9344891,Ikpeng,310
http://www.wikidata.org/entity/Q2567934,Vedda language,300
http://www.wikidata.org/entity/Q3502030,Barakai,300
http://www.wikidata.org/entity/Q7842270,Trimuris,300
http://www.wikidata.org/entity/Q33826,Mura language,300
http://www.wikidata.org/entity/Q36155,Coptic,300
http://www.wikidata.org/entity/Q36954,Yimas,300
http://www.wikidata.org/entity/Q56648,Abinomn,300
http://www.wikidata.org/entity/Q4741706,Ambrak,290
http://www.wikidata.org/entity/Q12175,Manx,284
http://www.wikidata.org/entity/Q48068440,Jedek,280
http://www.wikidata.org/entity/Q1440172,Sac-Fox-Kickapoo,250
http://www.wikidata.org/entity/Q3284890,Mamaindê language,250
http://www.wikidata.org/entity/Q6436945,Kri language,250
http://www.wikidata.org/entity/Q7049771,Noongar,232
http://www.wikidata.org/entity/Q33676,Negidal,222
http://www.wikidata.org/entity/Q2605703,Siawi,220
http://www.wikidata.org/entity/Q6416362,Kis,220
http://www.wikidata.org/entity/Q3063524,Nanggu language,210
http://www.wikidata.org/entity/Q56423,Akhvakh,210
http://www.wikidata.org/entity/Q56560,Botlikh,210
http://www.wikidata.org/entity/Q1145414,Judæo-Italian languages,200
http://www.wikidata.org/entity/Q1764544,Warumungu,200
http://www.wikidata.org/entity/Q3507928,Aranadan,200
http://www.wikidata.org/entity/Q12952830,Mbalanhu,200
http://www.wikidata.org/entity/Q27867,Afro-Seminole Creole,200
http://www.wikidata.org/entity/Q35397,Budukh,200
http://www.wikidata.org/entity/Q13316,Mikasuki,190
http://www.wikidata.org/entity/Q6735599,Maii,180
http://www.wikidata.org/entity/Q20826,Danezaa,160
http://www.wikidata.org/entity/Q13239,Ulch,154
http://www.wikidata.org/entity/Q24265507,Marsela Barat language,150
http://www.wikidata.org/entity/Q33485,Ket,150
http://www.wikidata.org/entity/Q7689337,Taworta,140
http://www.wikidata.org/entity/Q56311,Yugh,134
http://www.wikidata.org/entity/Q56515,Godoberi,130
http://www.wikidata.org/entity/Q36743,Nganasan,125
http://www.wikidata.org/entity/Q33559,Ingrian,120
http://www.wikidata.org/entity/Q33627,Ili Turki,120
http://www.wikidata.org/entity/Q580923,Bunuba language,110
http://www.wikidata.org/entity/Q13235,Udege,103
http://www.wikidata.org/entity/Q1815020,Alabama,100
http://www.wikidata.org/entity/Q2567925,Pyu,100
http://www.wikidata.org/entity/Q2669219,Guniyandi language,100
http://www.wikidata.org/entity/Q3339226,Nez Perce,100
http://www.wikidata.org/entity/Q7878635,Ukwa,100
http://www.wikidata.org/entity/Q397,Latin,100
http://www.wikidata.org/entity/Q13244,Unserdeutsch,100
http://www.wikidata.org/entity/Q33434,Kutenai,100
http://www.wikidata.org/entity/Q36848,Tofa,93
http://www.wikidata.org/entity/Q5699507,Heiltsuk-Oowekyala language,90
http://www.wikidata.org/entity/Q33624,Itelmen,82
http://www.wikidata.org/entity/Q958414,Araona,81
http://www.wikidata.org/entity/Q21058,Ahtna,80
http://www.wikidata.org/entity/Q33725,Karaim,80
http://www.wikidata.org/entity/Q2380124,Plains Indian Sign Language,75
http://www.wikidata.org/entity/Q27785,Dena'ina,75
http://www.wikidata.org/entity/Q33676,Negidal,74
http://www.wikidata.org/entity/Q23855,Anus,70
http://www.wikidata.org/entity/Q56485,Vilamovian,70
http://www.wikidata.org/entity/Q32858,Votic,62
http://www.wikidata.org/entity/Q5619801,Guragone,60
http://www.wikidata.org/entity/Q6960662,Nakkara,58
http://www.wikidata.org/entity/Q33303,Haida,55
http://www.wikidata.org/entity/Q1811224,Ari,50
http://www.wikidata.org/entity/Q2591221,Arabela,50
http://www.wikidata.org/entity/Q7403694,Salas,50
http://www.wikidata.org/entity/Q27963,Naukan Yupik,50
http://www.wikidata.org/entity/Q35501,Old Prussian,50
http://www.wikidata.org/entity/Q35785,Macanese Patois,50
http://www.wikidata.org/entity/Q56314,Pite Sami,50
http://www.wikidata.org/entity/Q56545,Southern Yukaghir,50
http://www.wikidata.org/entity/Q56804,Baram language,50
http://www.wikidata.org/entity/Q33928,Orok,47
http://www.wikidata.org/entity/Q4975277,Broome Pearling Lugger Pidgin,45
http://www.wikidata.org/entity/Q33125,Chulym,44
http://www.wikidata.org/entity/Q29942,Enets language,43
http://www.wikidata.org/entity/Q27782,Deg Xinag,40
http://www.wikidata.org/entity/Q28213,Alyutor,40
http://www.wikidata.org/entity/Q56319,Tundra Yukaghir,40
http://www.wikidata.org/entity/Q2669184,Iquito,35
http://www.wikidata.org/entity/Q36331,Pacaraos Quechua,35
http://www.wikidata.org/entity/Q7129017,Pam,30
http://www.wikidata.org/entity/Q8048030,Yamdena,30
http://www.wikidata.org/entity/Q8050479,Yawuru,30
http://www.wikidata.org/entity/Q12626835,Ami,30
http://www.wikidata.org/entity/Q33655,Nigerian Pidgin,30
http://www.wikidata.org/entity/Q35091,Awakatek,27
http://www.wikidata.org/entity/Q18650060,Manda,25
http://www.wikidata.org/entity/Q56314,Pite Sami,25
http://www.wikidata.org/entity/Q2591193,Laragiya language,23
http://www.wikidata.org/entity/Q197936,Abenaki,20
http://www.wikidata.org/entity/Q6773014,Marrithiyel language,20
http://www.wikidata.org/entity/Q7682454,Tandia,20
http://www.wikidata.org/entity/Q10577274,Maridjabin,20
http://www.wikidata.org/entity/Q10577273,Maridan,20
http://www.wikidata.org/entity/Q10577501,Mariyedi,20
http://www.wikidata.org/entity/Q12175,Manx,20
http://www.wikidata.org/entity/Q33638,Manchu,20
http://www.wikidata.org/entity/Q34198,Washo,20
http://www.wikidata.org/entity/Q56415,Ume Sami,20
http://www.wikidata.org/entity/Q28272,Hän,19
http://www.wikidata.org/entity/Q6772792,Marranj,15
http://www.wikidata.org/entity/Q6773014,Marrithiyel language,15
http://www.wikidata.org/entity/Q10577424,Marimanindji,15
http://www.wikidata.org/entity/Q28272,Hän,14
http://www.wikidata.org/entity/Q1288440,Karuk,12
http://www.wikidata.org/entity/Q2147917,Alawa,12
http://www.wikidata.org/entity/Q28272,Hän,12
http://www.wikidata.org/entity/Q56544,Kawésqar language,12
http://www.wikidata.org/entity/Q4261493,Liki,11
http://www.wikidata.org/entity/Q6583617,Sa'och,10
http://www.wikidata.org/entity/Q7021846,Ngadjunmaya,10
http://www.wikidata.org/entity/Q12952505,Hulung,10
http://www.wikidata.org/entity/Q61951665,Yan-nhaŋu Sign Language,10
http://www.wikidata.org/entity/Q63259736,Latundê language,10
http://www.wikidata.org/entity/Q27969,Ainu,10
http://www.wikidata.org/entity/Q28272,Hän,10
http://www.wikidata.org/entity/Q56539,Arikara,10
http://www.wikidata.org/entity/Q56628,Gros Ventre,10
http://www.wikidata.org/entity/Q10577443,Maringarr,8
http://www.wikidata.org/entity/Q28058,Hupa,8
http://www.wikidata.org/entity/Q33650,Oroch,8
http://www.wikidata.org/entity/Q33630,Kusunda,7
http://www.wikidata.org/entity/Q8050479,Yawuru,6
http://www.wikidata.org/entity/Q8828608,Bacanese Malay,6
http://www.wikidata.org/entity/Q7021846,Ngadjunmaya,5
http://www.wikidata.org/entity/Q7959489,Wagaydy language,5
http://www.wikidata.org/entity/Q33283,Hinuq,5
http://www.wikidata.org/entity/Q323325,Ayapa Zoque,4
http://www.wikidata.org/entity/Q2106984,Tanema,4
http://www.wikidata.org/entity/Q6873793,Mirning language,4
http://www.wikidata.org/entity/Q7110494,Ouma,4
http://www.wikidata.org/entity/Q2618974,Nǁng,3
http://www.wikidata.org/entity/Q10577823,Marti Ke,3
http://www.wikidata.org/entity/Q33028,Badeshi,3
http://www.wikidata.org/entity/Q5565906,Giyug,2
http://www.wikidata.org/entity/Q28064,Tagish,2
http://www.wikidata.org/entity/Q56311,Yugh,2
http://www.wikidata.org/entity/Q531826,Yaghan,1
http://www.wikidata.org/entity/Q1957508,Taushiro,1
http://www.wikidata.org/entity/Q5072718,Chaná,1
http://www.wikidata.org/entity/Q28064,Tagish,1
http://www.wikidata.org/entity/Q56311,Yugh,1
http://www.wikidata.org/entity/Q205979,Sogdian,0
http://www.wikidata.org/entity/Q837985,Middle High German,0
http://www.wikidata.org/entity/Q856383,Pictish,0
http://www.wikidata.org/entity/Q1472196,Early Modern English,0
http://www.wikidata.org/entity/Q1785111,Mohawk Dutch,0
http://www.wikidata.org/entity/Q1815830,Negerhollands,0
http://www.wikidata.org/entity/Q1957612,Omurano,0
http://www.wikidata.org/entity/Q2069475,Pentlatch,0
http://www.wikidata.org/entity/Q2472016,Cayuse,0
http://www.wikidata.org/entity/Q2522153,Skepi Creole Dutch,0
http://www.wikidata.org/entity/Q2591251,Ngurmbur,0
http://www.wikidata.org/entity/Q2669569,Jiwarli dialect,0
http://www.wikidata.org/entity/Q2846171,Andoa,0
http://www.wikidata.org/entity/Q2919121,Aka-Jeru,0
http://www.wikidata.org/entity/Q2933175,Cahuarano,0
http://www.wikidata.org/entity/Q2980392,Umbugarla,0
http://www.wikidata.org/entity/Q3307204,Chicomuceltec,0
http://www.wikidata.org/entity/Q3360016,Amurdag language,0
http://www.wikidata.org/entity/Q3391031,Plains Miwok,0
http://www.wikidata.org/entity/Q3409318,Aushiri,0
http://www.wikidata.org/entity/Q3433680,Aka-Kora,0
http://www.wikidata.org/entity/Q3437292,Zhang-Zhung,0
http://www.wikidata.org/entity/Q3516641,Chuvan language,0
http://www.wikidata.org/entity/Q3915783,Nyawaygi,0
http://www.wikidata.org/entity/Q5565906,Giyug,0
http://www.wikidata.org/entity/Q6432560,Koropó,0
http://www.wikidata.org/entity/Q6693295,Lower Aranda dialect,0
http://www.wikidata.org/entity/Q6867836,Minkin,0
http://www.wikidata.org/entity/Q7110494,Ouma,0
http://www.wikidata.org/entity/Q7144304,Pataxó language,0
http://www.wikidata.org/entity/Q7969971,Warray language,0
http://www.wikidata.org/entity/Q7970854,Warrungu,0
http://www.wikidata.org/entity/Q11252539,Abipón,0
http://www.wikidata.org/entity/Q16960599,Dhungaloo language,0
http://www.wikidata.org/entity/Q397,Latin,0
http://www.wikidata.org/entity/Q10206,Záparo,0
http://www.wikidata.org/entity/Q12175,Manx,0
http://www.wikidata.org/entity/Q20824,Mattole,0
http://www.wikidata.org/entity/Q20832,Wailaki,0
http://www.wikidata.org/entity/Q25289,Cornish,0
http://www.wikidata.org/entity/Q25953,Parthian,0
http://www.wikidata.org/entity/Q27480,Eyak,0
http://www.wikidata.org/entity/Q28064,Tagish,0
http://www.wikidata.org/entity/Q29572,Avestan,0
http://www.wikidata.org/entity/Q32063,Middle Persian,0
http://www.wikidata.org/entity/Q33138,Khwarezmian,0
http://www.wikidata.org/entity/Q33404,Klallam,0
http://www.wikidata.org/entity/Q33698,Livonian,0
http://www.wikidata.org/entity/Q34163,Kott,0
http://www.wikidata.org/entity/Q34685,Yurok,0
http://www.wikidata.org/entity/Q35215,Berbice Creole Dutch,0
http://www.wikidata.org/entity/Q35218,Old High German,0
http://www.wikidata.org/entity/Q35329,Elymian,0
http://www.wikidata.org/entity/Q35361,Aka-Bo,0
http://www.wikidata.org/entity/Q35499,Old Church Slavonic,0
http://www.wikidata.org/entity/Q35677,Gaagudju language,0
http://www.wikidata.org/entity/Q35726,Etruscan,0
http://www.wikidata.org/entity/Q35857,Curonian,0
http://www.wikidata.org/entity/Q35965,Cumbric,0
http://www.wikidata.org/entity/Q35974,Ancient Macedonian,0
http://www.wikidata.org/entity/Q35972,Lombardic,0
http://www.wikidata.org/entity/Q35991,Kamassian language,0
http://www.wikidata.org/entity/Q36435,Pazeh language,0
http://www.wikidata.org/entity/Q36689,Raetic,0
http://www.wikidata.org/entity/Q36727,Pali,0
http://www.wikidata.org/entity/Q36937,Wiyot,0
http://www.wikidata.org/entity/Q36994,Zarphatic,0
http://www.wikidata.org/entity/Q47631,Semigallian,0
http://www.wikidata.org/entity/Q56311,Yugh,0
http://www.wikidata.org/entity/Q56513,Wichita,0
http://www.wikidata.org/entity/Q56627,Kitsai,0
http://www.wikidata.org/entity/Q56751,Pawnee,0
